source,source_url,document_url,tender_number,title,organisation,published_date,closing_date,tender_type,document_filename,local_path,file_size,file_type,download_status,extraction_status,is_gem,category,page_count,char_count,is_scanned
NCAOR,https://www.ncaor.gov.in/tenders/archive/page:1,https://www.ncaor.gov.in/upload/tenders/gem_658_110826.PDF,GEM/2026/B/7883658,AES-12141 Xerox Cartridges.,NCAOR,11-08-2026,25-08-2026,GeM,gem_658_110826.PDF,data/external/layer2/ncaor/documents/gem_658_110826.PDF,145780,pdf,success,usable,True,Unknown,12,29607,False
NCAOR,https://www.ncaor.gov.in/tenders/archive/page:1,https://www.ncaor.gov.in/upload/tenders/gem_020_100826.PDF,GEM/2026/B/7743020,Tubular Battery.,NCAOR,10-08-2026,31-08-2026,GeM,gem_020_100826.PDF,data/external/layer2/ncaor/documents/gem_020_100826.PDF,882052,pdf,success,usable,True,Unknown,13,31939,False
NCAOR,https://www.ncaor.gov.in/tenders/archive/page:1,https://www.ncaor.gov.in/upload/tenders/gem_538_060826.PDF,GEM/2026/B/7874538,Electrical Item.,NCAOR,06-08-2026,27-08-2026,GeM,gem_538_060826.PDF,data/external/layer2/ncaor/documents/gem_538_060826.PDF,480098,pdf,success,usable,True,Unknown,49,83741,False
NCAOR,https://www.ncaor.gov.in/tenders/archive/page:1,https://www.ncaor.gov.in/upload/tenders/gem_499_050826.PDF,GEM/2026/B/7870499,Oil Absorbent Kit,NCAOR,05-08-2026,26-08-2026,GeM,gem_499_050826.PDF,data/external/layer2/ncaor/documents/gem_499_050826.PDF,923434,pdf,success,usable,True,Unknown,13,29519,False
NCAOR,https://www.ncaor.gov.in/tenders/archive/page:1,https://www.ncaor.gov.in/upload/tenders/gem_812_040826.PDF,GEM/2026/B/7848812,Repair of Workshop and Station – Maitri​.,NCAOR,04-08-2026,25-08-2026,GeM,gem_812_040826.PDF,data/external/layer2/ncaor/documents/gem_812_040826.PDF,216423,pdf,success,usable,True,Unknown,14,30746,False
NCAOR,https://www.ncaor.gov.in/tenders/archive/page:1,https://www.ncaor.gov.in/upload/tenders/gem_013_040826.PDF,GEM/2026/B/7869013,"AES-12137 ,  LHE-20381, AES-12129 Tools and Tackles (Consumables)",NCAOR,04-08-2026,25-08-2026,GeM,gem_013_040826.PDF,data/external/layer2/ncaor/documents/gem_013_040826.PDF,1016938,pdf,success,usable,True,Unknown,59,101847,False
NCAOR,https://www.ncaor.gov.in/tenders/archive/page:1,https://www.ncaor.gov.in/upload/tenders/NIT-NCPOR_PS-DOM-40GT-08.PDF,NCPOR/PS/DOM-40/GT-08,"Supply, Installation, Testing and Commissioning of Laser Particle Size Analyzer (LPSA).",NCAOR,31-07-2026,01-09-2026,Conventional,NIT-NCPOR_PS-DOM-40GT-08.PDF,data/external/layer2/ncaor/documents/NIT-NCPOR_PS-DOM-40GT-08.PDF,103957,pdf,success,usable,False,Unknown,1,1576,False
NCAOR,https://www.ncaor.gov.in/tenders/archive/page:1,https://www.ncaor.gov.in/upload/tenders/gem_734_310726.PDF,GEM/2026/B/7855734,AES-12136 Batteries.,NCAOR,31-07-2026,21-08-2026,GeM,gem_734_310726.PDF,data/external/layer2/ncaor/documents/gem_734_310726.PDF,680537,pdf,success,usable,True,Unknown,17,36275,False
NCAOR,https://www.ncaor.gov.in/tenders/archive/page:1,https://www.ncaor.gov.in/upload/tenders/corrigendum_1_lab4167gt04_300726.PDF,NCPOR/PS/LAB-4167/GT-04,"Supply, Installation, Testing & Commissioning  of  Motorized Polarizing Microscope.",NCAOR,30-07-2026,10-08-2026,Conventional,corrigendum_1_lab4167gt04_300726.PDF,data/external/layer2/ncaor/documents/corrigendum_1_lab4167gt04_300726.PDF,259701,pdf,success,usable,False,Unknown,1,847,False
NCAOR,https://www.ncaor.gov.in/tenders/archive/page:1,https://www.ncaor.gov.in/upload/tenders/gem_732_300726.PDF,GEM/2026/B/7847732,AES-12137 Tools and Tackles (Machines).,NCAOR,30-07-2026,20-08-2026,GeM,gem_732_300726.PDF,data/external/layer2/ncaor/documents/gem_732_300726.PDF,676853,pdf,success,usable,True,Unknown,17,36419,False
NCAOR,https://www.ncaor.gov.in/tenders/archive/page:1,https://www.ncaor.gov.in/upload/tenders/gem_437_290726.PDF,GEM/2026/B/7811437,Bedsheet and Mattress.,NCAOR,29-07-2026,18-08-2026,GeM,gem_437_290726.PDF,data/external/layer2/ncaor/documents/gem_437_290726.PDF,176555,pdf,success,usable,True,Unknown,13,30972,False
NCAOR,https://www.ncaor.gov.in/tenders/archive/page:1,https://www.ncaor.gov.in/upload/tenders/gem_296_280726.PDF,GEM/2026/B/7831296,Housekeeping and Laundry Items.,NCAOR,28-07-2026,18-08-2026,GeM,gem_296_280726.PDF,data/external/layer2/ncaor/documents/gem_296_280726.PDF,280148,pdf,success,usable,True,Unknown,26,48229,False
NCAOR,https://www.ncaor.gov.in/tenders/archive/page:1,https://www.ncaor.gov.in/upload/tenders/gem_359_270726.PDF,GEM/2026/B/7821359,Spares for Dozer.,NCAOR,28-07-2026,17-08-2026,GeM,gem_359_270726.PDF,data/external/layer2/ncaor/documents/gem_359_270726.PDF,180889,pdf,success,usable,True,Unknown,12,28558,False
NCAOR,https://www.ncaor.gov.in/tenders/archive/page:1,https://www.ncaor.gov.in/upload/tenders/NIT_NCPOR_PS_SOE_50869_GT-07.PDF,NCPOR/PS/SOE-50869/GT-07,"Supply, Installation, Testing & Commissioning of Multimode Microplate Reader.",NCAOR,24-07-2026,24-08-2026,Conventional,NIT_NCPOR_PS_SOE_50869_GT-07.PDF,data/external/layer2/ncaor/documents/NIT_NCPOR_PS_SOE_50869_GT-07.PDF,636711,pdf,success,usable,False,Unknown,1,1441,False
NCAOR,https://www.ncaor.gov.in/tenders/archive/page:1,https://www.ncaor.gov.in/upload/tenders/gem_856_230726.PDF,GEM/2026/B/7820856,AES-12126 Crockery Items,NCAOR,23-07-2026,13-08-2026,GeM,gem_856_230726.PDF,data/external/layer2/ncaor/documents/gem_856_230726.PDF,380367,pdf,success,usable,True,Unknown,22,42717,False
NCAOR,https://www.ncaor.gov.in/tenders/archive/page:1,https://www.ncaor.gov.in/upload/tenders/gem_574_230726.PDF,GEM/2026/B/7823574,AES-12130 HP Cartridges.,NCAOR,23-07-2026,13-08-2026,GeM,gem_574_230726.PDF,data/external/layer2/ncaor/documents/gem_574_230726.PDF,139875,pdf,success,usable,True,Unknown,11,29721,False
NCAOR,https://www.ncaor.gov.in/tenders/archive/page:1,https://www.ncaor.gov.in/upload/tenders/gem_478_220726_1.PDF,GEM/2026/B/7813478,Kitchen Items,NCAOR,22-07-2026,12-08-2026,GeM,gem_478_220726_1.PDF,data/external/layer2/ncaor/documents/gem_478_220726_1.PDF,344567,pdf,success,usable,True,Unknown,15,31845,False
NCAOR,https://www.ncaor.gov.in/tenders/archive/page:1,https://www.ncaor.gov.in/upload/tenders/gem_794_220726.PDF,GEM/2026/B/7820794,​Housekeeping and Laundry Items.,NCAOR,22-07-2026,12-08-2026,GeM,gem_794_220726.PDF,data/external/layer2/ncaor/documents/gem_794_220726.PDF,235827,pdf,success,usable,True,Unknown,22,35512,False
NCAOR,https://www.ncaor.gov.in/tenders/archive/page:1,https://www.ncaor.gov.in/upload/tenders/gem_742_220726.PDF,GEM/2026/B/7808742,Sports Items(Consumables),NCAOR,22-07-2026,11-08-2026,GeM,gem_742_220726.PDF,data/external/layer2/ncaor/documents/gem_742_220726.PDF,487403,pdf,success,usable,True,Unknown,20,36000,False
NCAOR,https://www.ncaor.gov.in/tenders/archive/page:1,https://www.ncaor.gov.in/upload/tenders/gem_817_220726.PDF,GEM/2026/B/7815817,Sports Items(Asset),NCAOR,22-07-2026,11-08-2026,GeM,gem_817_220726.PDF,data/external/layer2/ncaor/documents/gem_817_220726.PDF,172622,pdf,success,usable,True,Unknown,12,25409,False
NCAOR,https://www.ncaor.gov.in/tenders/archive/page:1,https://www.ncaor.gov.in/upload/tenders/gem_493_170726.PDF,GEM/2026/B/7799493,Sports Items.,NCAOR,17-07-2026,07-08-2026,GeM,gem_493_170726.PDF,data/external/layer2/ncaor/documents/gem_493_170726.PDF,514846,pdf,success,usable,True,Unknown,13,25997,False
NCAOR,https://www.ncaor.gov.in/tenders/archive/page:1,https://www.ncaor.gov.in/upload/tenders/gem_751_170726.PDF,GEM/2026/B/7791751,Spares for Excavator,NCAOR,17-07-2026,07-08-2026,GeM,gem_751_170726.PDF,data/external/layer2/ncaor/documents/gem_751_170726.PDF,189528,pdf,success,usable,True,Unknown,13,24147,False
NCAOR,https://www.ncaor.gov.in/tenders/archive/page:1,https://www.ncaor.gov.in/upload/tenders/gem_549_170726.PDF,GEM/2026/B/7786549,Garbage Bags,NCAOR,16-07-2026,06-08-2026,GeM,gem_549_170726.PDF,data/external/layer2/ncaor/documents/gem_549_170726.PDF,316218,pdf,success,usable,True,Unknown,12,28295,False
NCAOR,https://www.ncaor.gov.in/tenders/archive/page:1,https://www.ncaor.gov.in/upload/tenders/gem_122_150726.PDF,GEM/2026/B/7773122,Reinforced Polypropylene Geo -Membrane​.,NCAOR,15-07-2026,05-08-2026,GeM,gem_122_150726.PDF,data/external/layer2/ncaor/documents/gem_122_150726.PDF,182783,pdf,success,usable,True,Unknown,10,26505,False
NCAOR,https://www.ncaor.gov.in/tenders/archive/page:1,https://www.ncaor.gov.in/upload/tenders/gem_382_150726.PDF,GEM/2026/B/7789382,AES-12116 Tissue Paper and Rolls.,NCAOR,15-07-2026,05-08-2026,GeM,gem_382_150726.PDF,data/external/layer2/ncaor/documents/gem_382_150726.PDF,643253,pdf,success,usable,True,Unknown,13,28820,False
NCAOR,https://www.ncaor.gov.in/tenders/archive/page:1,https://www.ncaor.gov.in/upload/tenders/gem_701_140726.PDF,GEM/2026/B/7783701,Musical Instruments,NCAOR,14-07-2026,04-08-2026,GeM,gem_701_140726.PDF,data/external/layer2/ncaor/documents/gem_701_140726.PDF,149902,pdf,success,usable,True,Unknown,10,20508,False
NCAOR,https://www.ncaor.gov.in/tenders/archive/page:1,https://www.ncaor.gov.in/upload/tenders/gem_301_140726.PDF,GEM/2026/B/7772301,Modular Water Storage Tank,NCAOR,13-07-2026,03-08-2026,GeM,gem_301_140726.PDF,data/external/layer2/ncaor/documents/gem_301_140726.PDF,550651,pdf,success,usable,True,Unknown,8,21413,False
NCAOR,https://www.ncaor.gov.in/tenders/archive/page:1,https://www.ncaor.gov.in/upload/tenders/gem_665_130726.PDF,GEM/2026/B/7772665,AES-12111 Grooming Items.,NCAOR,13-07-2026,03-08-2026,GeM,gem_665_130726.PDF,data/external/layer2/ncaor/documents/gem_665_130726.PDF,656140,pdf,success,usable,True,Unknown,15,26623,False
NCAOR,https://www.ncaor.gov.in/tenders/archive/page:1,https://www.ncaor.gov.in/upload/tenders/gem_874_110726.PDF,GEM/2026/B/7771874,Food Items for Indian Antarctic Expedition - Bid 1,NCAOR,11-07-2026,01-08-2026,GeM,gem_874_110726.PDF,data/external/layer2/ncaor/documents/gem_874_110726.PDF,908633,pdf,success,usable,True,Unknown,90,142032,False
NCAOR,https://www.ncaor.gov.in/tenders/archive/page:1,https://www.ncaor.gov.in/upload/tenders/gem_232_110726.PDF,GEM/2026/B/7773232,Food Items for Indian Antarctic Expedition - Bid 3,NCAOR,11-07-2026,01-08-2026,GeM,gem_232_110726.PDF,data/external/layer2/ncaor/documents/gem_232_110726.PDF,344173,pdf,success,usable,True,Unknown,18,39787,False
NCAOR,https://www.ncaor.gov.in/tenders/archive/page:2,https://www.ncaor.gov.in/upload/tenders/gem_072_110726.PDF,GEM/2026/B/7773072,Food Items for Indian Antarctic Expedition - Bid 2,NCAOR,11-07-2026,01-08-2026,GeM,gem_072_110726.PDF,data/external/layer2/ncaor/documents/gem_072_110726.PDF,1069300,pdf,success,usable,True,Unknown,111,170074,False
NCAOR,https://www.ncaor.gov.in/tenders/archive/page:2,https://www.ncaor.gov.in/upload/tenders/corrigendum_1_osg136gt06_100826.PDF,NCPOR/PS/OSG-136/GT-06,"Supply, Installation, Testing, and Commissioning of Membrane Inlet Mass Spectrometer (MIMS).",NCAOR,10-07-2026,20-08-2026,Conventional,corrigendum_1_osg136gt06_100826.PDF,data/external/layer2/ncaor/documents/corrigendum_1_osg136gt06_100826.PDF,411429,pdf,success,usable,False,Unknown,1,829,False
NCAOR,https://www.ncaor.gov.in/tenders/archive/page:2,https://www.ncaor.gov.in/upload/tenders/corrigendum_1_vom1212026_100726.PDF,NCPOR/VOM-12/1/2026,Operation and Maintenance of Scientific Equipment onboard ORV Sagar Kanya.(i) Bid submission end date & time : 20/07/2026 (13 00 hrs)(ii) Bid opening date & time             : 20/07/2026 (14 30 hrs),NCAOR,10-07-2026,20-07-2026,Conventional,corrigendum_1_vom1212026_100726.PDF,data/external/layer2/ncaor/documents/corrigendum_1_vom1212026_100726.PDF,1362963,pdf,success,usable,False,Unknown,11,20617,False
NCAOR,https://www.ncaor.gov.in/tenders/archive/page:2,https://www.ncaor.gov.in/upload/tenders/gem_272_080726.PDF,GEM/2026/B/7760272,LAB-4178 Canon Cartridges,NCAOR,08-07-2026,29-07-2026,GeM,gem_272_080726.PDF,data/external/layer2/ncaor/documents/gem_272_080726.PDF,138482,pdf,success,usable,True,Unknown,11,28016,False
NCAOR,https://www.ncaor.gov.in/tenders/archive/page:2,https://www.ncaor.gov.in/upload/tenders/gem_743_030726.PDF,GEM/2026/B/7721743,"Canteen Service - Best Price on Fixed Menu Rate Model - Vegetarian, Non-Vegetarian; Breakfast, Lunch, Snacks, Beverages; Inside Building Premises (exclusive for employees/ patients/ in house personnel)",NCAOR,03-07-2026,23-07-2026,GeM,gem_743_030726.PDF,data/external/layer2/ncaor/documents/gem_743_030726.PDF,146787,pdf,success,usable,True,Unknown,15,32332,False
NCAOR,https://www.ncaor.gov.in/tenders/archive/page:2,https://www.ncaor.gov.in/upload/tenders/corrigendum_1_lab4167gt04_300726.PDF,NCPOR/PS/LAB-4167/GT-04,"Supply, Installation, Testing & Commissioning  of  Motorized Polarizing Microscope.",NCAOR,02-07-2026,10-08-2026,Conventional,corrigendum_1_lab4167gt04_300726.PDF,data/external/layer2/ncaor/documents/corrigendum_1_lab4167gt04_300726.PDF,259701,pdf,success,usable,False,Unknown,1,847,False
NCAOR,https://www.ncaor.gov.in/tenders/archive/page:2,https://www.ncaor.gov.in/upload/tenders/gem_202_010726.PDF,GEM/2026/B/7731202,AES 12098 Vibratory Soil Compactor,NCAOR,01-07-2026,22-07-2026,GeM,gem_202_010726.PDF,data/external/layer2/ncaor/documents/gem_202_010726.PDF,214320,pdf,success,usable,True,Unknown,13,31201,False
NCAOR,https://www.ncaor.gov.in/tenders/archive/page:2,https://www.ncaor.gov.in/upload/tenders/gem_944_010726.PDF,GEM/2026/B/7722944,"Horticulture Service - Lumpsum based - General Maintenance of Garden/Lawn/Field/Nursery/Park, Maintenance of Potted/Container Plant, Wild Grass Cutting. Site Clearing, Garden Designing, Soil Preparation, Planting Trees/Plants/Grass, General Maintenance.",NCAOR,01-07-2026,16-07-2026,GeM,gem_944_010726.PDF,data/external/layer2/ncaor/documents/gem_944_010726.PDF,133235,pdf,success,usable,True,Unknown,12,34234,False
NCAOR,https://www.ncaor.gov.in/tenders/archive/page:2,https://www.ncaor.gov.in/upload/tenders/gem_691_290626.PDF,GEM/2026/B/7721691,AES-12094 Motor Grader,NCAOR,29-06-2026,04-08-2026,GeM,gem_691_290626.PDF,data/external/layer2/ncaor/documents/gem_691_290626.PDF,307470,pdf,success,usable,True,Unknown,13,30867,False
NCAOR,https://www.ncaor.gov.in/tenders/archive/page:2,https://www.ncaor.gov.in/upload/tenders/gm_132_230626.PDF,GEM/2026/B/7701132,AES 12065 Packing Tape,NCAOR,23-06-2026,14-07-2026,GeM,gm_132_230626.PDF,data/external/layer2/ncaor/documents/gm_132_230626.PDF,186145,pdf,success,usable,True,Unknown,9,18225,False
NCAOR,https://www.ncaor.gov.in/tenders/archive/page:2,https://www.ncaor.gov.in/upload/tenders/gem_976_220626.PDF,GEM/2026/B/7693976,For Tracked Loader.,NCAOR,22-06-2026,13-07-2026,GeM,gem_976_220626.PDF,data/external/layer2/ncaor/documents/gem_976_220626.PDF,179918,pdf,success,usable,True,Unknown,10,29127,False
NCAOR,https://www.ncaor.gov.in/tenders/archive/page:2,https://www.ncaor.gov.in/upload/tenders/gem_203_220626.PDF,GEM/2026/B/7681203,"For Metal cage, Container twist lock, and Pallet.",NCAOR,22-06-2026,13-07-2026,GeM,gem_203_220626.PDF,data/external/layer2/ncaor/documents/gem_203_220626.PDF,264739,pdf,success,usable,True,Unknown,19,40973,False
NCAOR,https://www.ncaor.gov.in/tenders/archive/page:2,https://www.ncaor.gov.in/upload/tenders/gem_086_180626.PDF,GEM/2026/B/7679086,AES 12100 Shipping Container (20 X 8 X 9.6),NCAOR,18-06-2026,09-07-2026,GeM,gem_086_180626.PDF,data/external/layer2/ncaor/documents/gem_086_180626.PDF,208797,pdf,success,usable,True,Unknown,14,34310,False
NCAOR,https://www.ncaor.gov.in/tenders/archive/page:2,https://www.ncaor.gov.in/upload/tenders/corrigendum_1_vom1212026_100726.PDF,NCPOR/VOM-12/1/2026,Operation and Maintenance of Scientific Equipment onboard ORV Sagar Kanya.(i) Bid submission end date & time : 20/07/2026 (13 00 hrs)(ii) Bid opening date & time             : 20/07/2026 (14 30 hrs),NCAOR,17-06-2026,20-07-2026,Conventional,corrigendum_1_vom1212026_100726.PDF,data/external/layer2/ncaor/documents/corrigendum_1_vom1212026_100726.PDF,1362963,pdf,success,usable,False,Unknown,11,20617,False
NCAOR,https://www.ncaor.gov.in/tenders/archive/page:2,https://www.ncaor.gov.in/upload/tenders/gem_343_150626.PDF,GEM/2026/B/7664343,AES 12099 Shipping Container,NCAOR,15-06-2026,06-07-2026,GeM,gem_343_150626.PDF,data/external/layer2/ncaor/documents/gem_343_150626.PDF,1129279,pdf,success,usable,True,Unknown,15,33938,False
NCAOR,https://www.ncaor.gov.in/tenders/archive/page:2,https://www.ncaor.gov.in/upload/tenders/corrigendum_3_gt03_240626.PDF,NCPOR/PS/LAB-4130/GT-03,"Supply, Installation, Testing & Commissioning  of  Automatic Weather Station",NCAOR,05-06-2026,09-07-2026,Conventional,corrigendum_3_gt03_240626.PDF,data/external/layer2/ncaor/documents/corrigendum_3_gt03_240626.PDF,259775,pdf,success,usable,False,Unknown,1,847,False
NCAOR,https://www.ncaor.gov.in/tenders/archive/page:2,https://www.ncaor.gov.in/upload/tenders/corrigendum_1_gt02_040626.PDF,NCPOR/PS/LAB-4128/GT-02,Supply of Thermistor,NCAOR,04-06-2026,15-06-2026,Conventional,corrigendum_1_gt02_040626.PDF,data/external/layer2/ncaor/documents/corrigendum_1_gt02_040626.PDF,69141,pdf,success,usable,False,Unknown,1,787,False
NCAOR,https://www.ncaor.gov.in/tenders/archive/page:2,https://www.ncaor.gov.in/upload/tenders/gem_821_010626.PDF,GEM/2026/B/7541821,Shipping Container,NCAOR,01-06-2026,22-06-2026,GeM,gem_821_010626.PDF,data/external/layer2/ncaor/documents/gem_821_010626.PDF,190357,pdf,success,usable,True,Unknown,15,42386,False
NCAOR,https://www.ncaor.gov.in/tenders/archive/page:2,https://www.ncaor.gov.in/upload/tenders/gem_601_220526.PDF,GEM/2026/B/7556601,"Horticulture Service - Lumpsum based - General Maintenance of Garden/Lawn/Field/Nursery/Park, Maintenance of Potted/Container Plant, Wild Grass Cutting, Site Clearing, Garden Designing, Planting Trees/Plants/Grass, General Maintenance of Plant.",NCAOR,22-05-2026,12-06-2026,GeM,gem_601_220526.PDF,data/external/layer2/ncaor/documents/gem_601_220526.PDF,132764,pdf,success,usable,True,Unknown,12,34012,False
NCAOR,https://www.ncaor.gov.in/tenders/archive/page:2,https://www.ncaor.gov.in/upload/tenders/corrigendum_1_pt04_140526.PDF,NCPOR/PS/AES-12071/PT-04,"Supply, Installation, Testing and Commissioning of Containerised Food Incinerator",NCAOR,14-05-2026,26-05-2026,Conventional,corrigendum_1_pt04_140526.PDF,data/external/layer2/ncaor/documents/corrigendum_1_pt04_140526.PDF,70254,pdf,success,usable,False,Unknown,1,801,False
NCAOR,https://www.ncaor.gov.in/tenders/archive/page:2,https://www.ncaor.gov.in/upload/tenders/gem_979_130526.PDF,GEM/2026/B/7516979,Electrical Items,NCAOR,13-05-2026,03-06-2026,GeM,gem_979_130526.PDF,data/external/layer2/ncaor/documents/gem_979_130526.PDF,519852,pdf,success,usable,True,Unknown,55,86013,False
NCAOR,https://www.ncaor.gov.in/tenders/archive/page:2,https://www.ncaor.gov.in/upload/tenders/corrigendum_2_al11019_250626.PDF,AL-11019/1/2025,"Onsite Operation, Comprehensive Maintenance and Repairs Contract (OMRC) for Bharati - Indian Research Station at Larsemann Hills, Antarctica",NCAOR,12-05-2026,02-07-2026,Conventional,corrigendum_2_al11019_250626.PDF,data/external/layer2/ncaor/documents/corrigendum_2_al11019_250626.PDF,12761,pdf,success,usable,False,Unknown,1,711,False
NCAOR,https://www.ncaor.gov.in/tenders/archive/page:2,https://www.ncaor.gov.in/upload/tenders/corrigendum_3_gt03_240626.PDF,NCPOR/PS/LAB-4130/GT-03,"Supply, Installation, Testing & Commissioning  of  Automatic Weather Station.",NCAOR,08-05-2026,09-07-2026,Conventional,corrigendum_3_gt03_240626.PDF,data/external/layer2/ncaor/documents/corrigendum_3_gt03_240626.PDF,259775,pdf,success,usable,False,Unknown,1,847,False
NCAOR,https://www.ncaor.gov.in/tenders/archive/page:2,https://www.ncaor.gov.in/upload/tenders/gem_088_060526.PDF,GEM/2026/B/7509088,LAB - 4146 Hp Cartridges,NCAOR,06-05-2026,20-06-2026,GeM,gem_088_060526.PDF,data/external/layer2/ncaor/documents/gem_088_060526.PDF,137610,pdf,success,usable,True,Unknown,11,28669,False
NCAOR,https://www.ncaor.gov.in/tenders/archive/page:2,https://www.ncaor.gov.in/upload/tenders/gem_891_050526.PDF,GEM/2026/B/7487891,AES-12098 VIBRATORY SOIL COMPACTOR,NCAOR,05-05-2026,26-05-2026,GeM,gem_891_050526.PDF,data/external/layer2/ncaor/documents/gem_891_050526.PDF,211717,pdf,success,usable,True,Unknown,12,30409,False
NCAOR,https://www.ncaor.gov.in/tenders/archive/page:2,https://www.ncaor.gov.in/upload/tenders/gem_975_050526.PDF,GEM/2026/B/7484975,Tracked Loader,NCAOR,05-05-2026,26-05-2026,GeM,gem_975_050526.PDF,data/external/layer2/ncaor/documents/gem_975_050526.PDF,430224,pdf,success,usable,True,Unknown,12,31252,False
NCAOR,https://www.ncaor.gov.in/tenders/archive/page:2,https://www.ncaor.gov.in/upload/tenders/gem_326_050526.PDF,GEM/2026/B/7490326,Crawler Dozer,NCAOR,05-05-2026,26-05-2026,GeM,gem_326_050526.PDF,data/external/layer2/ncaor/documents/gem_326_050526.PDF,213240,pdf,success,usable,True,Unknown,13,30141,False
NCAOR,https://www.ncaor.gov.in/tenders/archive/page:2,https://www.ncaor.gov.in/upload/tenders/gem_659_050526.PDF,GEM/2026/B/7492659,AES-12094 Motor Grader,NCAOR,05-05-2026,26-05-2026,GeM,gem_659_050526.PDF,data/external/layer2/ncaor/documents/gem_659_050526.PDF,313635,pdf,success,usable,True,Unknown,12,30083,False
NCAOR,https://www.ncaor.gov.in/tenders/archive/page:2,https://www.ncaor.gov.in/upload/tenders/corrigendum_1_gt02_040626.PDF,NCPOR/PS/LAB-4128/GT-02,Supply of Thermistor,NCAOR,30-04-2026,15-06-2026,Conventional,corrigendum_1_gt02_040626.PDF,data/external/layer2/ncaor/documents/corrigendum_1_gt02_040626.PDF,69141,pdf,success,usable,False,Unknown,1,787,False
NCAOR,https://www.ncaor.gov.in/tenders/archive/page:2,https://www.ncaor.gov.in/upload/tenders/gem_129_240426.PDF,GEM/2026/B/7472129,PR-1762 HP Cartridges,NCAOR,24-04-2026,08-05-2026,GeM,gem_129_240426.PDF,data/external/layer2/ncaor/documents/gem_129_240426.PDF,122542,pdf,success,usable,True,Unknown,9,24674,False
NCAOR,https://www.ncaor.gov.in/tenders/archive/page:3,https://www.ncaor.gov.in/upload/tenders/gem_845_240426.PDF,GEM/2026/B/7459845,Operation and Maintenance Of Electrical Systems/Electrical Installations - Complete System,NCAOR,24-04-2026,15-05-2026,GeM,gem_845_240426.PDF,data/external/layer2/ncaor/documents/gem_845_240426.PDF,117335,pdf,success,usable,True,Unknown,10,23406,False
NCAOR,https://www.ncaor.gov.in/tenders/archive/page:3,https://www.ncaor.gov.in/upload/tenders/gem_087_220426.PDF,GEM/2026/B/7462087,Gas Chromatography Syringe (Q3),NCAOR,22-04-2026,13-05-2026,GeM,gem_087_220426.PDF,data/external/layer2/ncaor/documents/gem_087_220426.PDF,111078,pdf,success,usable,True,Unknown,7,18554,False
NCAOR,https://www.ncaor.gov.in/tenders/archive/page:3,https://www.ncaor.gov.in/upload/tenders/corrigendum_1_dom40gt01_020726.PDF,NCPOR/PS/ DOM- 40/GT-01,"Supply, Installation, Testing and Commissioning of Laser Particle Size Analyzer (LPSA)
 
Note:The competent authority has decided to annul the tendering process for this tender.",NCAOR,20-04-2026,09-07-2026,Conventional,corrigendum_1_dom40gt01_020726.PDF,data/external/layer2/ncaor/documents/corrigendum_1_dom40gt01_020726.PDF,65790,pdf,success,usable,False,Unknown,1,552,False
NCAOR,https://www.ncaor.gov.in/tenders/archive/page:3,https://www.ncaor.gov.in/upload/tenders/corrigendum_2_290426_gt25.PDF,NCPOR/PS/AES-12075/GT-25,TENDER DOCUMENT FOR SUPPLY OF THERMAL OVERALL PRIMALOFT,NCAOR,20-04-2026,12-05-2026,Conventional,corrigendum_2_290426_gt25.PDF,data/external/layer2/ncaor/documents/corrigendum_2_290426_gt25.PDF,258345,pdf,success,usable,False,Unknown,1,802,False
NCAOR,https://www.ncaor.gov.in/tenders/archive/page:3,https://www.ncaor.gov.in/upload/tenders/gem_569_200426.PDF,GEM/2026/B/7457569,SOE-50865 HP Cartridges,NCAOR,20-04-2026,04-05-2026,GeM,gem_569_200426.PDF,data/external/layer2/ncaor/documents/gem_569_200426.PDF,136924,pdf,success,usable,True,Unknown,11,27969,False
NCAOR,https://www.ncaor.gov.in/tenders/archive/page:3,https://www.ncaor.gov.in/upload/tenders/corrigendum_2_gt29_290426.PDF,NCPOR/PS/AES-12089/GT-29,Supply of Snow Mantra Boots,NCAOR,16-04-2026,12-05-2026,Conventional,corrigendum_2_gt29_290426.PDF,data/external/layer2/ncaor/documents/corrigendum_2_gt29_290426.PDF,129861,pdf,success,usable,False,Unknown,1,723,False
NCAOR,https://www.ncaor.gov.in/tenders/archive/page:3,https://www.ncaor.gov.in/upload/tenders/corrigendum_2_gt28_290426.PDF,NCPOR/PS/AES-12088/GT-28,Supply of Control Max Snow Boots,NCAOR,16-04-2026,12-05-2026,Conventional,corrigendum_2_gt28_290426.PDF,data/external/layer2/ncaor/documents/corrigendum_2_gt28_290426.PDF,65818,pdf,success,usable,False,Unknown,1,728,False
NCAOR,https://www.ncaor.gov.in/tenders/archive/page:3,https://www.ncaor.gov.in/upload/tenders/corrigendum_3_gt24_230726.PDF,NCPOR/PS/AES-12074/GT-24,Supply of Arctic Patrol Modular Parka 2.0 Jacket And Kensington Winter Construction Trousers.,NCAOR,15-04-2026,30-07-2026,Conventional,corrigendum_3_gt24_230726.PDF,data/external/layer2/ncaor/documents/corrigendum_3_gt24_230726.PDF,367320,pdf,success,usable,False,Unknown,1,630,False
NCAOR,https://www.ncaor.gov.in/tenders/archive/page:3,https://www.ncaor.gov.in/upload/tenders/corrigendum_2_gt23_280426.PDF,NCPOR/PS/AES-12073/GT-23,Supply of Raptor Jacket With Pant.,NCAOR,15-04-2026,11-05-2026,Conventional,corrigendum_2_gt23_280426.PDF,data/external/layer2/ncaor/documents/corrigendum_2_gt23_280426.PDF,258936,pdf,success,usable,False,Unknown,1,799,False
NCAOR,https://www.ncaor.gov.in/tenders/archive/page:3,https://www.ncaor.gov.in/upload/tenders/corrigendum_2_12092gt32_280426.PDF,NCPOR/PS/AES-12092/GT-32,Supply of Thermal Outer Layer - One Piece,NCAOR,15-04-2026,11-05-2026,Conventional,corrigendum_2_12092gt32_280426.PDF,data/external/layer2/ncaor/documents/corrigendum_2_12092gt32_280426.PDF,65596,pdf,success,usable,False,Unknown,1,724,False
NCAOR,https://www.ncaor.gov.in/tenders/archive/page:3,https://www.ncaor.gov.in/upload/tenders/gem_568_130426.PDF,GEM/2026/B/7431568,PR-1760 | Canon Cartridges,NCAOR,13-04-2026,27-04-2026,GeM,gem_568_130426.PDF,data/external/layer2/ncaor/documents/gem_568_130426.PDF,134660,pdf,success,usable,True,Unknown,10,26840,False
NCAOR,https://www.ncaor.gov.in/tenders/archive/page:3,https://www.ncaor.gov.in/upload/tenders/corrigendum_1_pt04_140526.PDF,NCPOR/PS/AES-12071/PT-04,"Supply, Installation, Testing and Commissioning of Containerised Food Incinerator",NCAOR,10-04-2026,26-05-2026,Conventional,corrigendum_1_pt04_140526.PDF,data/external/layer2/ncaor/documents/corrigendum_1_pt04_140526.PDF,70254,pdf,success,usable,False,Unknown,1,801,False
NCAOR,https://www.ncaor.gov.in/tenders/archive/page:3,https://www.ncaor.gov.in/upload/tenders/corrigendum_3_110626_AES12081GT16.PDF,NCPOR/PS/AES-12081/GT-16,Supply of Extreme Cold Winter Insulated Gloves,NCAOR,09-04-2026,18-06-2026,Conventional,corrigendum_3_110626_AES12081GT16.PDF,data/external/layer2/ncaor/documents/corrigendum_3_110626_AES12081GT16.PDF,86228,pdf,success,usable,False,Unknown,1,585,False
NCAOR,https://www.ncaor.gov.in/tenders/archive/page:3,https://www.ncaor.gov.in/upload/tenders/corrigendum_2_200426_AES12080GT15.PDF,NCPOR/PS/AES-12080/GT-15,Supply of Working Gloves.,NCAOR,09-04-2026,30-04-2026,Conventional,corrigendum_2_200426_AES12080GT15.PDF,data/external/layer2/ncaor/documents/corrigendum_2_200426_AES12080GT15.PDF,65213,pdf,success,usable,False,Unknown,1,809,False
NCAOR,https://www.ncaor.gov.in/tenders/archive/page:3,https://www.ncaor.gov.in/upload/tenders/corrigendum_2_gt13_160426.PDF,NCPOR/PS/AES-12078/GT-13,Supply of Anti-Fog / Anti-Scratch Snow Goggles,NCAOR,06-04-2026,27-04-2026,Conventional,corrigendum_2_gt13_160426.PDF,data/external/layer2/ncaor/documents/corrigendum_2_gt13_160426.PDF,64447,pdf,success,usable,False,Unknown,1,789,False
NCAOR,https://www.ncaor.gov.in/tenders/archive/page:3,https://www.ncaor.gov.in/upload/tenders/corrigendum_2_gt14_160426.PDF,NCPOR/PS/AES-12079/GT-14,Supply of Anti-Fog/Anti-Scratch Snow Goggles,NCAOR,06-04-2026,27-04-2026,Conventional,corrigendum_2_gt14_160426.PDF,data/external/layer2/ncaor/documents/corrigendum_2_gt14_160426.PDF,64347,pdf,success,usable,False,Unknown,1,832,False
NCAOR,https://www.ncaor.gov.in/tenders/archive/page:3,https://www.ncaor.gov.in/upload/tenders/corrigendum_3_AES-12086_240726.PDF,NCPOR/PS/AES-12086/GT-21,"TENDER DOCUMENT FOR SUPPLY OF BALACLAVA
 
Note:The competent authority has decided to annul the tendering process for this tender.",NCAOR,01-04-2026,31-07-2026,Conventional,corrigendum_3_AES-12086_240726.PDF,data/external/layer2/ncaor/documents/corrigendum_3_AES-12086_240726.PDF,66467,pdf,success,usable,False,Unknown,1,535,False
NCAOR,https://www.ncaor.gov.in/tenders/archive/page:3,https://www.ncaor.gov.in/upload/tenders/corrigendum_3_AES-12085_150626.PDF,NCPOR/PS/AES-12085/GT-20,"TENDER DOCUMENT FOR SUPPLY OF NECK GAITER

Note:The competent authority has decided to annul the tendering process for this tender.",NCAOR,01-04-2026,22-06-2026,Conventional,corrigendum_3_AES-12085_150626.PDF,data/external/layer2/ncaor/documents/corrigendum_3_AES-12085_150626.PDF,66044,pdf,success,usable,False,Unknown,1,539,False
NCAOR,https://www.ncaor.gov.in/tenders/archive/page:3,https://www.ncaor.gov.in/upload/tenders/corrigendum_2_AES-12087 _140526.PDF,NCPOR/PS/ AES-12087/GT-22,TENDER DOCUMENT FOR SUPPLY OF ARCTIC SOCKS,NCAOR,01-04-2026,28-05-2026,Conventional,corrigendum_2_AES-12087 _140526.PDF,data/external/layer2/ncaor/documents/corrigendum_2_AES-12087 _140526.PDF,70098,pdf,success,usable,False,Unknown,1,745,False
NCAOR,https://www.ncaor.gov.in/tenders/archive/page:3,https://www.ncaor.gov.in/upload/tenders/AES-12084GT-19 Corrigendum3.PDF,NCPOR/PS/AES-12084/GT-19,"TENDER DOCUMENT FOR SUPPLY OF TREKKING BOOTS
 
Note:The competent authority has decided to annul the tendering process for this tender.",NCAOR,27-03-2026,31-07-2026,Conventional,AES-12084GT-19 Corrigendum3.PDF,data/external/layer2/ncaor/documents/AES-12084GT-19 Corrigendum3.PDF,66553,pdf,success,usable,False,Unknown,1,541,False
India Post,https://www.indiapost.gov.in/tenders,,IP-UNKNOWN-0,Unknown Tender (Dynamic SPA block),India Post,,,Unknown,,,0,unknown,"failed: dynamic JS site, scraper forbidden",failed: no document,False,Unknown,0,0,
India Post,https://www.indiapost.gov.in/tenders,,IP-UNKNOWN-1,Unknown Tender (Dynamic SPA block),India Post,,,Unknown,,,0,unknown,"failed: dynamic JS site, scraper forbidden",failed: no document,False,Unknown,0,0,
India Post,https://www.indiapost.gov.in/tenders,,IP-UNKNOWN-2,Unknown Tender (Dynamic SPA block),India Post,,,Unknown,,,0,unknown,"failed: dynamic JS site, scraper forbidden",failed: no document,False,Unknown,0,0,
India Post,https://www.indiapost.gov.in/tenders,,IP-UNKNOWN-3,Unknown Tender (Dynamic SPA block),India Post,,,Unknown,,,0,unknown,"failed: dynamic JS site, scraper forbidden",failed: no document,False,Unknown,0,0,
India Post,https://www.indiapost.gov.in/tenders,,IP-UNKNOWN-4,Unknown Tender (Dynamic SPA block),India Post,,,Unknown,,,0,unknown,"failed: dynamic JS site, scraper forbidden",failed: no document,False,Unknown,0,0,
India Post,https://www.indiapost.gov.in/tenders,,IP-UNKNOWN-5,Unknown Tender (Dynamic SPA block),India Post,,,Unknown,,,0,unknown,"failed: dynamic JS site, scraper forbidden",failed: no document,False,Unknown,0,0,
India Post,https://www.indiapost.gov.in/tenders,,IP-UNKNOWN-6,Unknown Tender (Dynamic SPA block),India Post,,,Unknown,,,0,unknown,"failed: dynamic JS site, scraper forbidden",failed: no document,False,Unknown,0,0,
India Post,https://www.indiapost.gov.in/tenders,,IP-UNKNOWN-7,Unknown Tender (Dynamic SPA block),India Post,,,Unknown,,,0,unknown,"failed: dynamic JS site, scraper forbidden",failed: no document,False,Unknown,0,0,
India Post,https://www.indiapost.gov.in/tenders,,IP-UNKNOWN-8,Unknown Tender (Dynamic SPA block),India Post,,,Unknown,,,0,unknown,"failed: dynamic JS site, scraper forbidden",failed: no document,False,Unknown,0,0,
India Post,https://www.indiapost.gov.in/tenders,,IP-UNKNOWN-9,Unknown Tender (Dynamic SPA block),India Post,,,Unknown,,,0,unknown,"failed: dynamic JS site, scraper forbidden",failed: no document,False,Unknown,0,0,
India Post,https://www.indiapost.gov.in/tenders,,IP-UNKNOWN-10,Unknown Tender (Dynamic SPA block),India Post,,,Unknown,,,0,unknown,"failed: dynamic JS site, scraper forbidden",failed: no document,False,Unknown,0,0,
India Post,https://www.indiapost.gov.in/tenders,,IP-UNKNOWN-11,Unknown Tender (Dynamic SPA block),India Post,,,Unknown,,,0,unknown,"failed: dynamic JS site, scraper forbidden",failed: no document,False,Unknown,0,0,
India Post,https://www.indiapost.gov.in/tenders,,IP-UNKNOWN-12,Unknown Tender (Dynamic SPA block),India Post,,,Unknown,,,0,unknown,"failed: dynamic JS site, scraper forbidden",failed: no document,False,Unknown,0,0,
India Post,https://www.indiapost.gov.in/tenders,,IP-UNKNOWN-13,Unknown Tender (Dynamic SPA block),India Post,,,Unknown,,,0,unknown,"failed: dynamic JS site, scraper forbidden",failed: no document,False,Unknown,0,0,
India Post,https://www.indiapost.gov.in/tenders,,IP-UNKNOWN-14,Unknown Tender (Dynamic SPA block),India Post,,,Unknown,,,0,unknown,"failed: dynamic JS site, scraper forbidden",failed: no document,False,Unknown,0,0,
India Post,https://www.indiapost.gov.in/tenders,,IP-UNKNOWN-15,Unknown Tender (Dynamic SPA block),India Post,,,Unknown,,,0,unknown,"failed: dynamic JS site, scraper forbidden",failed: no document,False,Unknown,0,0,
India Post,https://www.indiapost.gov.in/tenders,,IP-UNKNOWN-16,Unknown Tender (Dynamic SPA block),India Post,,,Unknown,,,0,unknown,"failed: dynamic JS site, scraper forbidden",failed: no document,False,Unknown,0,0,
India Post,https://www.indiapost.gov.in/tenders,,IP-UNKNOWN-17,Unknown Tender (Dynamic SPA block),India Post,,,Unknown,,,0,unknown,"failed: dynamic JS site, scraper forbidden",failed: no document,False,Unknown,0,0,
India Post,https://www.indiapost.gov.in/tenders,,IP-UNKNOWN-18,Unknown Tender (Dynamic SPA block),India Post,,,Unknown,,,0,unknown,"failed: dynamic JS site, scraper forbidden",failed: no document,False,Unknown,0,0,
India Post,https://www.indiapost.gov.in/tenders,,IP-UNKNOWN-19,Unknown Tender (Dynamic SPA block),India Post,,,Unknown,,,0,unknown,"failed: dynamic JS site, scraper forbidden",failed: no document,False,Unknown,0,0,
